[{"deliveryUrl":"https://assets-us-01.kc-usercontent.com:443/f71ad6dd-59c3-002a-7dc9-5bbf5521f1a3/89882c56-4c6e-4c74-a146-539a066e6051/avocado-tomato-3-400x400.jpg","fileName":"avocado-tomato-3-400x400.jpg","id":"2a1b0e94-76ff-4fe4-b219-debccc3da91e","type":"image/jpeg","description":null,"size":60831,"zipFilePath":"assets/2a1/2a1b0e94-76ff-4fe4-b219-debccc3da91e/avocado-tomato-3-400x400.jpg","title":"avocado-tomato-3-400x400.jpg"},{"deliveryUrl":"https://assets-us-01.kc-usercontent.com:443/f71ad6dd-59c3-002a-7dc9-5bbf5521f1a3/70f2dbef-9485-4073-9d62-680f2eb026ca/baked-potato-skins-2-400x400.jpg","fileName":"baked-potato-skins-2-400x400.jpg","id":"a9cb90eb-54f1-4383-9e9a-36ab98386d47","type":"image/jpeg","description":null,"size":47489,"zipFilePath":"assets/a9c/a9cb90eb-54f1-4383-9e9a-36ab98386d47/baked-potato-skins-2-400x400.jpg","title":"baked-potato-skins-2-400x400.jpg"},{"deliveryUrl":"https://assets-us-01.kc-usercontent.com:443/f71ad6dd-59c3-002a-7dc9-5bbf5521f1a3/84127cb5-73ee-4e91-b4ba-ff13d65a5d99/pork-chops-1-400x400.jpg","fileName":"pork-chops-1-400x400.jpg","id":"eb5198da-020a-4189-ad78-791a2f72f371","type":"image/jpeg","description":null,"size":50594,"zipFilePath":"assets/eb5/eb5198da-020a-4189-ad78-791a2f72f371/pork-chops-1-400x400.jpg","title":"pork-chops-1-400x400.jpg"},{"deliveryUrl":"https://assets-us-01.kc-usercontent.com:443/f71ad6dd-59c3-002a-7dc9-5bbf5521f1a3/1be4be51-5c33-4024-8056-b4cbb406b211/coconut-curry-fried-chicken-3.jpg","fileName":"coconut-curry-fried-chicken-3.jpg","id":"5b351f9b-97fa-4753-934b-bfd07fa950c1","type":"image/jpeg","description":null,"size":42417,"zipFilePath":"assets/5b3/5b351f9b-97fa-4753-934b-bfd07fa950c1/coconut-curry-fried-chicken-3.jpg","title":"coconut-curry-fried-chicken-3.jpg"},{"deliveryUrl":"https://assets-us-01.kc-usercontent.com:443/f71ad6dd-59c3-002a-7dc9-5bbf5521f1a3/12e77403-a3fb-43c7-9621-6831bb4ffc84/cream-asparagus-soup-2-400x400.jpg","fileName":"cream-asparagus-soup-2-400x400.jpg","id":"10e5e08f-87ca-49f8-83b4-93e4f4f7e5ee","type":"image/jpeg","description":null,"size":30701,"zipFilePath":"assets/10e/10e5e08f-87ca-49f8-83b4-93e4f4f7e5ee/cream-asparagus-soup-2-400x400.jpg","title":"cream-asparagus-soup-2-400x400.jpg"},{"deliveryUrl":"https://assets-us-01.kc-usercontent.com:443/f71ad6dd-59c3-002a-7dc9-5bbf5521f1a3/7bdac523-1a81-43a4-899d-8a4ce9f0330f/creamy-chicken-wild-rice-soup-2-400x400.jpg","fileName":"creamy-chicken-wild-rice-soup-2-400x400.jpg","id":"fea34ad9-3469-435f-9765-d9ef04678171","type":"image/jpeg","description":null,"size":34493,"zipFilePath":"assets/fea/fea34ad9-3469-435f-9765-d9ef04678171/creamy-chicken-wild-rice-soup-2-400x400.jpg","title":"creamy-chicken-wild-rice-soup-2-400x400.jpg"},{"deliveryUrl":"https://assets-us-01.kc-usercontent.com:443/f71ad6dd-59c3-002a-7dc9-5bbf5521f1a3/72af4608-59d8-4fa9-bda5-fa31b242bd87/chocolate-cupcakes-2-400x400.jpg","fileName":"chocolate-cupcakes-2-400x400.jpg","id":"8bd56370-4d7a-46d9-96c6-74ec2a52ab1a","type":"image/jpeg","description":null,"size":48939,"zipFilePath":"assets/8bd/8bd56370-4d7a-46d9-96c6-74ec2a52ab1a/chocolate-cupcakes-2-400x400.jpg","title":"chocolate-cupcakes-2-400x400.jpg"},{"deliveryUrl":"https://assets-us-01.kc-usercontent.com:443/f71ad6dd-59c3-002a-7dc9-5bbf5521f1a3/02914477-6bbc-43d8-b16c-f61935ed1d9f/italian-sausage-soup-2-400x400.jpg","fileName":"italian-sausage-soup-2-400x400.jpg","id":"841cd1d5-cd9b-4f6a-86ac-71eeb0e084c8","type":"image/jpeg","description":null,"size":50298,"zipFilePath":"assets/841/841cd1d5-cd9b-4f6a-86ac-71eeb0e084c8/italian-sausage-soup-2-400x400.jpg","title":"italian-sausage-soup-2-400x400.jpg"},{"deliveryUrl":"https://assets-us-01.kc-usercontent.com:443/f71ad6dd-59c3-002a-7dc9-5bbf5521f1a3/e5d1588f-d82f-40f0-8a4e-32e4943953bc/ray-rui-dacvolojqso-unsplash.jpg","fileName":"ray-rui-dacvolojqso-unsplash.jpg","id":"227d6dd6-3446-4c88-b54e-8704933ae3ef","type":"image/jpeg","description":null,"size":45467,"zipFilePath":"assets/227/227d6dd6-3446-4c88-b54e-8704933ae3ef/ray-rui-dacvolojqso-unsplash.jpg","title":"ray-rui-dacvolojqso-unsplash.jpg"},{"deliveryUrl":"https://assets-us-01.kc-usercontent.com:443/f71ad6dd-59c3-002a-7dc9-5bbf5521f1a3/2b127842-1932-4d8d-830a-2c5aaf54cef5/prime-rib-primer-1-400x400.jpg","fileName":"prime-rib-primer-1-400x400.jpg","id":"c13872ed-58f5-40ef-af36-f58c7b7ecb55","type":"image/jpeg","description":null,"size":51166,"zipFilePath":"assets/c13/c13872ed-58f5-40ef-af36-f58c7b7ecb55/prime-rib-primer-1-400x400.jpg","title":"prime-rib-primer-1-400x400.jpg"},{"deliveryUrl":"https://assets-us-01.kc-usercontent.com:443/f71ad6dd-59c3-002a-7dc9-5bbf5521f1a3/0effe413-f8bf-4967-b215-98b8880713ec/pumpkin-cookies-1-400x400.jpg","fileName":"pumpkin-cookies-1-400x400.jpg","id":"6f5a4fbf-145d-47cb-9311-e71038bdb490","type":"image/jpeg","description":null,"size":40276,"zipFilePath":"assets/6f5/6f5a4fbf-145d-47cb-9311-e71038bdb490/pumpkin-cookies-1-400x400.jpg","title":"pumpkin-cookies-1-400x400.jpg"},{"deliveryUrl":"https://assets-us-01.kc-usercontent.com:443/f71ad6dd-59c3-002a-7dc9-5bbf5521f1a3/3f246f91-bcc2-469f-a0a9-324338acce64/sriracha-beef-skewers-1-400x400.jpg","fileName":"sriracha-beef-skewers-1-400x400.jpg","id":"62fe2b08-53ce-46ef-9ee8-041059f7f2a6","type":"image/jpeg","description":null,"size":59646,"zipFilePath":"assets/62f/62fe2b08-53ce-46ef-9ee8-041059f7f2a6/sriracha-beef-skewers-1-400x400.jpg","title":"sriracha-beef-skewers-1-400x400.jpg"},{"deliveryUrl":"https://assets-us-01.kc-usercontent.com:443/f71ad6dd-59c3-002a-7dc9-5bbf5521f1a3/6575416b-d8b3-4602-837b-a3517a96c323/summer-berry-3-400x400.jpg","fileName":"summer-berry-3-400x400.jpg","id":"ea7b4f2b-bb57-4ea7-955e-73116cd18cd2","type":"image/jpeg","description":null,"size":59222,"zipFilePath":"assets/ea7/ea7b4f2b-bb57-4ea7-955e-73116cd18cd2/summer-berry-3-400x400.jpg","title":"summer-berry-3-400x400.jpg"},{"deliveryUrl":"https://assets-us-01.kc-usercontent.com:443/f71ad6dd-59c3-002a-7dc9-5bbf5521f1a3/333bfe56-2535-45ec-b43c-7f93e2372bcc/terrific-turkey-chili-2-400x400.jpg","fileName":"terrific-turkey-chili-2-400x400.jpg","id":"56e4b611-9656-4b1e-84da-adf228676b25","type":"image/jpeg","description":null,"size":46456,"zipFilePath":"assets/56e/56e4b611-9656-4b1e-84da-adf228676b25/terrific-turkey-chili-2-400x400.jpg","title":"terrific-turkey-chili-2-400x400.jpg"},{"deliveryUrl":"https://assets-us-01.kc-usercontent.com:443/f71ad6dd-59c3-002a-7dc9-5bbf5521f1a3/e6815567-c946-4354-855c-159855d9aad0/double-tomato-bruschetta-2-400x400.jpg","fileName":"double-tomato-bruschetta-2-400x400.jpg","id":"c103cd40-a1e9-4c9f-b031-b379e39f0977","type":"image/jpeg","description":null,"size":44093,"zipFilePath":"assets/c10/c103cd40-a1e9-4c9f-b031-b379e39f0977/double-tomato-bruschetta-2-400x400.jpg","title":"double-tomato-bruschetta-2-400x400.jpg"}]