[{"codename":"avocado___mango_salsa","id":"70b3ae00-617e-40ac-81cd-c19569dab5d5","name":"Avocado & Mango Salsa","typeCodename":"product"},{"codename":"starters","id":"2dec839e-852b-484a-bfd8-34087aa34559","name":"Starters","typeCodename":"category"},{"codename":"baked_potatoes","id":"af1ee8ac-3e80-4eb2-b563-a1087c267f7f","name":"Baked Potatoes","typeCodename":"product"},{"codename":"braised_pork_chops","id":"db95c5ad-b4e9-424a-81ea-c104cbb05041","name":"Braised Pork Chops","typeCodename":"product"},{"codename":"main_courses","id":"887d305c-d92a-4e54-84d1-9181a08e1665","name":"Main courses","typeCodename":"category"},{"codename":"coconut_fried_chicken","id":"d266b3cf-aed8-4de3-92e5-e6c9ee6ee41f","name":"Coconut Fried Chicken","typeCodename":"product"},{"codename":"cream_of_asparagus_soup","id":"4224d58d-fdc2-4873-9a3a-f97b1ae79c53","name":"Cream of Asparagus Soup","typeCodename":"product"},{"codename":"soups","id":"9967f8bb-3809-4eae-8a08-bc0512f25dce","name":"Soups","typeCodename":"category"},{"codename":"creamy_chicken_soup","id":"8a3e7431-3090-48c0-b7b2-4a3b9f57a54c","name":"Creamy Chicken Soup","typeCodename":"product"},{"codename":"desserts","id":"e3d32a36-1e5e-47e6-8e2a-409cacc4a45f","name":"Desserts","typeCodename":"category"},{"codename":"double_chocolate_cupcakes","id":"8bad66bb-c452-4fbf-bba7-62c50a3a2fa7","name":"Double Chocolate Cupcakes","typeCodename":"product"},{"codename":"italian_sausage_soup","id":"cdea0331-e8ce-4670-b74d-aec60c8bd26f","name":"Italian Sausage Soup","typeCodename":"product"},{"codename":"marinated_grilled_shrimp","id":"74135af7-fcf3-4e17-8ce5-dc2b536b99c9","name":"Marinated Grilled Shrimp","typeCodename":"product"},{"codename":"prime_rib","id":"e0c0e41f-4637-4c27-9402-869742c4a7b3","name":"Prime Rib","typeCodename":"product"},{"codename":"pumpkin_cookies","id":"c760a94e-7dfe-4109-8473-71a1fae0238e","name":"Pumpkin Cookies","typeCodename":"product"},{"codename":"sriracha_beef_skewers","id":"31fbd743-0f8d-4f88-8be9-9a801cdee56c","name":"Sriracha Beef Skewers","typeCodename":"product"},{"codename":"summer_berry_and_coconut_tart","id":"3fce95dd-dda8-4cc4-9cc5-733a2571d3c3","name":"Summer Berry and Coconut Tart","typeCodename":"product"},{"codename":"terrific_turkey_chilli","id":"a5f633bc-eb95-4ef4-a1cb-84a3392f3b36","name":"Terrific Turkey Chilli","typeCodename":"product"},{"codename":"tomato_bruschetta","id":"cf7deb12-5483-412f-a7a6-4efd41c248ff","name":"Tomato Bruschetta","typeCodename":"product"}]