[{"elements":[{"options":[],"codename":"title","name":"Title","type":"text"},{"options":[],"codename":"untitled_url_slug","name":"Untitled url slug","type":"url_slug"}],"system":{"codename":"category","id":"874c6a4d-f4de-4e17-a74b-7d5a7acfdb94","name":"Category"}},{"elements":[{"options":[],"codename":"image","name":"Image","type":"asset"},{"options":[],"codename":"description","name":"Description","type":"rich_text"},{"options":[],"codename":"related_products","name":"Related Products","type":"modular_content"},{"options":[],"codename":"title","name":"Title","type":"text"},{"options":[],"codename":"categories","name":"Categories","type":"modular_content"},{"options":[],"codename":"date_added","name":"Date Added","type":"date_time"},{"options":[],"codename":"price","name":"Price","type":"number"},{"options":[],"codename":"url_slug","name":"URL Slug","type":"url_slug"}],"system":{"codename":"product","id":"64e328d6-b362-4726-b947-10a1de5886db","name":"Product"}}]