[{"itemCodename":"avocado___mango_salsa","itemId":"70b3ae00-617e-40ac-81cd-c19569dab5d5","languageCodename":"default","elements":[{"value":"Avocado & Mango Salsa","elementCodename":"title","elementModel":{"codename":"title","type":"text","name":"Title","options":[]}},{"value":"2019-10-04T00:00:00Z","elementCodename":"date_added","elementModel":{"codename":"date_added","type":"date_time","name":"Date Added","options":[]}},{"value":["starters"],"elementCodename":"categories","elementModel":{"codename":"categories","type":"modular_content","name":"Categories","options":[]}},{"value":"avocado-mango-salsa","elementCodename":"url_slug","elementModel":{"codename":"url_slug","type":"url_slug","name":"URL Slug","options":[]}},{"value":[{"name":"avocado-tomato-3-400x400.jpg","description":null,"type":"image/jpeg","size":60831,"url":"https://assets-us-01.kc-usercontent.com:443/f71ad6dd-59c3-002a-7dc9-5bbf5521f1a3/89882c56-4c6e-4c74-a146-539a066e6051/avocado-tomato-3-400x400.jpg","width":640,"height":640}],"elementCodename":"image","elementModel":{"codename":"image","type":"asset","name":"Image","options":[]}},{"value":5,"elementCodename":"price","elementModel":{"codename":"price","type":"number","name":"Price","options":[]}},{"value":"<p>Avocado / Mango / Tomatoes</p>","elementCodename":"description","elementModel":{"codename":"description","type":"rich_text","name":"Description","options":[]}},{"value":[],"elementCodename":"related_products","elementModel":{"codename":"related_products","type":"modular_content","name":"Related Products","options":[]}}]},{"itemCodename":"starters","itemId":"2dec839e-852b-484a-bfd8-34087aa34559","languageCodename":"default","elements":[{"value":"Starters","elementCodename":"title","elementModel":{"codename":"title","type":"text","name":"Title","options":[]}},{"value":"starters","elementCodename":"untitled_url_slug","elementModel":{"codename":"untitled_url_slug","type":"url_slug","name":"Untitled url slug","options":[]}}]},{"itemCodename":"baked_potatoes","itemId":"af1ee8ac-3e80-4eb2-b563-a1087c267f7f","languageCodename":"default","elements":[{"value":"Baked Potatoes","elementCodename":"title","elementModel":{"codename":"title","type":"text","name":"Title","options":[]}},{"value":null,"elementCodename":"date_added","elementModel":{"codename":"date_added","type":"date_time","name":"Date Added","options":[]}},{"value":["starters"],"elementCodename":"categories","elementModel":{"codename":"categories","type":"modular_content","name":"Categories","options":[]}},{"value":"baked-potatoes","elementCodename":"url_slug","elementModel":{"codename":"url_slug","type":"url_slug","name":"URL Slug","options":[]}},{"value":[{"name":"baked-potato-skins-2-400x400.jpg","description":null,"type":"image/jpeg","size":47489,"url":"https://assets-us-01.kc-usercontent.com:443/f71ad6dd-59c3-002a-7dc9-5bbf5521f1a3/70f2dbef-9485-4073-9d62-680f2eb026ca/baked-potato-skins-2-400x400.jpg","width":640,"height":640}],"elementCodename":"image","elementModel":{"codename":"image","type":"asset","name":"Image","options":[]}},{"value":9,"elementCodename":"price","elementModel":{"codename":"price","type":"number","name":"Price","options":[]}},{"value":"<p>Potatoes / Oil / Garlic</p>","elementCodename":"description","elementModel":{"codename":"description","type":"rich_text","name":"Description","options":[]}},{"value":[],"elementCodename":"related_products","elementModel":{"codename":"related_products","type":"modular_content","name":"Related Products","options":[]}}]},{"itemCodename":"braised_pork_chops","itemId":"db95c5ad-b4e9-424a-81ea-c104cbb05041","languageCodename":"default","elements":[{"value":"Braised Pork Chops","elementCodename":"title","elementModel":{"codename":"title","type":"text","name":"Title","options":[]}},{"value":"2019-10-04T00:00:00Z","elementCodename":"date_added","elementModel":{"codename":"date_added","type":"date_time","name":"Date Added","options":[]}},{"value":["main_courses"],"elementCodename":"categories","elementModel":{"codename":"categories","type":"modular_content","name":"Categories","options":[]}},{"value":"braised-pork-chops","elementCodename":"url_slug","elementModel":{"codename":"url_slug","type":"url_slug","name":"URL Slug","options":[]}},{"value":[{"name":"pork-chops-1-400x400.jpg","description":null,"type":"image/jpeg","size":50594,"url":"https://assets-us-01.kc-usercontent.com:443/f71ad6dd-59c3-002a-7dc9-5bbf5521f1a3/84127cb5-73ee-4e91-b4ba-ff13d65a5d99/pork-chops-1-400x400.jpg","width":640,"height":640}],"elementCodename":"image","elementModel":{"codename":"image","type":"asset","name":"Image","options":[]}},{"value":21,"elementCodename":"price","elementModel":{"codename":"price","type":"number","name":"Price","options":[]}},{"value":"<p>4 bone-in pork chops, olive oil, garlic, onion</p>","elementCodename":"description","elementModel":{"codename":"description","type":"rich_text","name":"Description","options":[]}},{"value":[],"elementCodename":"related_products","elementModel":{"codename":"related_products","type":"modular_content","name":"Related Products","options":[]}}]},{"itemCodename":"main_courses","itemId":"887d305c-d92a-4e54-84d1-9181a08e1665","languageCodename":"default","elements":[{"value":"Main courses","elementCodename":"title","elementModel":{"codename":"title","type":"text","name":"Title","options":[]}},{"value":"main-courses","elementCodename":"untitled_url_slug","elementModel":{"codename":"untitled_url_slug","type":"url_slug","name":"Untitled url slug","options":[]}}]},{"itemCodename":"coconut_fried_chicken","itemId":"d266b3cf-aed8-4de3-92e5-e6c9ee6ee41f","languageCodename":"default","elements":[{"value":"Coconut Fried Chicken","elementCodename":"title","elementModel":{"codename":"title","type":"text","name":"Title","options":[]}},{"value":"2019-10-04T00:00:00Z","elementCodename":"date_added","elementModel":{"codename":"date_added","type":"date_time","name":"Date Added","options":[]}},{"value":["main_courses"],"elementCodename":"categories","elementModel":{"codename":"categories","type":"modular_content","name":"Categories","options":[]}},{"value":"coconut-fried-chicken","elementCodename":"url_slug","elementModel":{"codename":"url_slug","type":"url_slug","name":"URL Slug","options":[]}},{"value":[{"name":"coconut-curry-fried-chicken-3.jpg","description":null,"type":"image/jpeg","size":42417,"url":"https://assets-us-01.kc-usercontent.com:443/f71ad6dd-59c3-002a-7dc9-5bbf5521f1a3/1be4be51-5c33-4024-8056-b4cbb406b211/coconut-curry-fried-chicken-3.jpg","width":640,"height":462}],"elementCodename":"image","elementModel":{"codename":"image","type":"asset","name":"Image","options":[]}},{"value":19,"elementCodename":"price","elementModel":{"codename":"price","type":"number","name":"Price","options":[]}},{"value":"<p>8 chicken pieces, coconut milk, oil</p>","elementCodename":"description","elementModel":{"codename":"description","type":"rich_text","name":"Description","options":[]}},{"value":[],"elementCodename":"related_products","elementModel":{"codename":"related_products","type":"modular_content","name":"Related Products","options":[]}}]},{"itemCodename":"cream_of_asparagus_soup","itemId":"4224d58d-fdc2-4873-9a3a-f97b1ae79c53","languageCodename":"default","elements":[{"value":"Cream of Asparagus Soup","elementCodename":"title","elementModel":{"codename":"title","type":"text","name":"Title","options":[]}},{"value":"2019-10-04T00:00:00Z","elementCodename":"date_added","elementModel":{"codename":"date_added","type":"date_time","name":"Date Added","options":[]}},{"value":["soups"],"elementCodename":"categories","elementModel":{"codename":"categories","type":"modular_content","name":"Categories","options":[]}},{"value":"cream-of-asparagus-soup","elementCodename":"url_slug","elementModel":{"codename":"url_slug","type":"url_slug","name":"URL Slug","options":[]}},{"value":[{"name":"cream-asparagus-soup-2-400x400.jpg","description":null,"type":"image/jpeg","size":30701,"url":"https://assets-us-01.kc-usercontent.com:443/f71ad6dd-59c3-002a-7dc9-5bbf5521f1a3/12e77403-a3fb-43c7-9621-6831bb4ffc84/cream-asparagus-soup-2-400x400.jpg","width":640,"height":640}],"elementCodename":"image","elementModel":{"codename":"image","type":"asset","name":"Image","options":[]}},{"value":10,"elementCodename":"price","elementModel":{"codename":"price","type":"number","name":"Price","options":[]}},{"value":"<p>Asparagus, potato, celery, onion, pepper</p>","elementCodename":"description","elementModel":{"codename":"description","type":"rich_text","name":"Description","options":[]}},{"value":[],"elementCodename":"related_products","elementModel":{"codename":"related_products","type":"modular_content","name":"Related Products","options":[]}}]},{"itemCodename":"soups","itemId":"9967f8bb-3809-4eae-8a08-bc0512f25dce","languageCodename":"default","elements":[{"value":"Soups","elementCodename":"title","elementModel":{"codename":"title","type":"text","name":"Title","options":[]}},{"value":"soups","elementCodename":"untitled_url_slug","elementModel":{"codename":"untitled_url_slug","type":"url_slug","name":"Untitled url slug","options":[]}}]},{"itemCodename":"creamy_chicken_soup","itemId":"8a3e7431-3090-48c0-b7b2-4a3b9f57a54c","languageCodename":"default","elements":[{"value":"Creamy Chicken Soup","elementCodename":"title","elementModel":{"codename":"title","type":"text","name":"Title","options":[]}},{"value":"2019-10-04T00:00:00Z","elementCodename":"date_added","elementModel":{"codename":"date_added","type":"date_time","name":"Date Added","options":[]}},{"value":["soups"],"elementCodename":"categories","elementModel":{"codename":"categories","type":"modular_content","name":"Categories","options":[]}},{"value":"creamy-chicken-soup","elementCodename":"url_slug","elementModel":{"codename":"url_slug","type":"url_slug","name":"URL Slug","options":[]}},{"value":[{"name":"creamy-chicken-wild-rice-soup-2-400x400.jpg","description":null,"type":"image/jpeg","size":34493,"url":"https://assets-us-01.kc-usercontent.com:443/f71ad6dd-59c3-002a-7dc9-5bbf5521f1a3/7bdac523-1a81-43a4-899d-8a4ce9f0330f/creamy-chicken-wild-rice-soup-2-400x400.jpg","width":640,"height":640}],"elementCodename":"image","elementModel":{"codename":"image","type":"asset","name":"Image","options":[]}},{"value":12,"elementCodename":"price","elementModel":{"codename":"price","type":"number","name":"Price","options":[]}},{"value":"<p>Cooked chicken, salt, butter, heavy cream</p>","elementCodename":"description","elementModel":{"codename":"description","type":"rich_text","name":"Description","options":[]}},{"value":[],"elementCodename":"related_products","elementModel":{"codename":"related_products","type":"modular_content","name":"Related Products","options":[]}}]},{"itemCodename":"desserts","itemId":"e3d32a36-1e5e-47e6-8e2a-409cacc4a45f","languageCodename":"default","elements":[{"value":"Desserts","elementCodename":"title","elementModel":{"codename":"title","type":"text","name":"Title","options":[]}},{"value":"desserts","elementCodename":"untitled_url_slug","elementModel":{"codename":"untitled_url_slug","type":"url_slug","name":"Untitled url slug","options":[]}}]},{"itemCodename":"double_chocolate_cupcakes","itemId":"8bad66bb-c452-4fbf-bba7-62c50a3a2fa7","languageCodename":"default","elements":[{"value":"Double Chocolate Cupcakes","elementCodename":"title","elementModel":{"codename":"title","type":"text","name":"Title","options":[]}},{"value":"2019-11-01T00:00:00Z","elementCodename":"date_added","elementModel":{"codename":"date_added","type":"date_time","name":"Date Added","options":[]}},{"value":["desserts"],"elementCodename":"categories","elementModel":{"codename":"categories","type":"modular_content","name":"Categories","options":[]}},{"value":"double-chocolate-cupcakes","elementCodename":"url_slug","elementModel":{"codename":"url_slug","type":"url_slug","name":"URL Slug","options":[]}},{"value":[{"name":"chocolate-cupcakes-2-400x400.jpg","description":null,"type":"image/jpeg","size":48939,"url":"https://assets-us-01.kc-usercontent.com:443/f71ad6dd-59c3-002a-7dc9-5bbf5521f1a3/72af4608-59d8-4fa9-bda5-fa31b242bd87/chocolate-cupcakes-2-400x400.jpg","width":400,"height":400}],"elementCodename":"image","elementModel":{"codename":"image","type":"asset","name":"Image","options":[]}},{"value":7,"elementCodename":"price","elementModel":{"codename":"price","type":"number","name":"Price","options":[]}},{"value":"<p>Chocolate, eggs, vanilla, milk</p>","elementCodename":"description","elementModel":{"codename":"description","type":"rich_text","name":"Description","options":[]}},{"value":[],"elementCodename":"related_products","elementModel":{"codename":"related_products","type":"modular_content","name":"Related Products","options":[]}}]},{"itemCodename":"italian_sausage_soup","itemId":"cdea0331-e8ce-4670-b74d-aec60c8bd26f","languageCodename":"default","elements":[{"value":"Italian Sausage Soup","elementCodename":"title","elementModel":{"codename":"title","type":"text","name":"Title","options":[]}},{"value":"2019-10-04T00:00:00Z","elementCodename":"date_added","elementModel":{"codename":"date_added","type":"date_time","name":"Date Added","options":[]}},{"value":["soups"],"elementCodename":"categories","elementModel":{"codename":"categories","type":"modular_content","name":"Categories","options":[]}},{"value":"italian-sausage-soup","elementCodename":"url_slug","elementModel":{"codename":"url_slug","type":"url_slug","name":"URL Slug","options":[]}},{"value":[{"name":"italian-sausage-soup-2-400x400.jpg","description":null,"type":"image/jpeg","size":50298,"url":"https://assets-us-01.kc-usercontent.com:443/f71ad6dd-59c3-002a-7dc9-5bbf5521f1a3/02914477-6bbc-43d8-b16c-f61935ed1d9f/italian-sausage-soup-2-400x400.jpg","width":640,"height":640}],"elementCodename":"image","elementModel":{"codename":"image","type":"asset","name":"Image","options":[]}},{"value":9,"elementCodename":"price","elementModel":{"codename":"price","type":"number","name":"Price","options":[]}},{"value":"<p>Italian sausage, garlic, carrots, zucchini</p>","elementCodename":"description","elementModel":{"codename":"description","type":"rich_text","name":"Description","options":[]}},{"value":[],"elementCodename":"related_products","elementModel":{"codename":"related_products","type":"modular_content","name":"Related Products","options":[]}}]},{"itemCodename":"marinated_grilled_shrimp","itemId":"74135af7-fcf3-4e17-8ce5-dc2b536b99c9","languageCodename":"default","elements":[{"value":"Marinated Grilled Shrimp","elementCodename":"title","elementModel":{"codename":"title","type":"text","name":"Title","options":[]}},{"value":null,"elementCodename":"date_added","elementModel":{"codename":"date_added","type":"date_time","name":"Date Added","options":[]}},{"value":["starters"],"elementCodename":"categories","elementModel":{"codename":"categories","type":"modular_content","name":"Categories","options":[]}},{"value":"marinated-grilled-shrimp","elementCodename":"url_slug","elementModel":{"codename":"url_slug","type":"url_slug","name":"URL Slug","options":[]}},{"value":[{"name":"ray-rui-dacvolojqso-unsplash.jpg","description":null,"type":"image/jpeg","size":45467,"url":"https://assets-us-01.kc-usercontent.com:443/f71ad6dd-59c3-002a-7dc9-5bbf5521f1a3/e5d1588f-d82f-40f0-8a4e-32e4943953bc/ray-rui-dacvolojqso-unsplash.jpg","width":640,"height":640}],"elementCodename":"image","elementModel":{"codename":"image","type":"asset","name":"Image","options":[]}},{"value":1,"elementCodename":"price","elementModel":{"codename":"price","type":"number","name":"Price","options":[]}},{"value":"<p>Marinated Grilled Shrimp</p>","elementCodename":"description","elementModel":{"codename":"description","type":"rich_text","name":"Description","options":[]}},{"value":[],"elementCodename":"related_products","elementModel":{"codename":"related_products","type":"modular_content","name":"Related Products","options":[]}}]},{"itemCodename":"prime_rib","itemId":"e0c0e41f-4637-4c27-9402-869742c4a7b3","languageCodename":"default","elements":[{"value":"Prime Rib","elementCodename":"title","elementModel":{"codename":"title","type":"text","name":"Title","options":[]}},{"value":"2019-10-04T00:00:00Z","elementCodename":"date_added","elementModel":{"codename":"date_added","type":"date_time","name":"Date Added","options":[]}},{"value":["main_courses"],"elementCodename":"categories","elementModel":{"codename":"categories","type":"modular_content","name":"Categories","options":[]}},{"value":"prime-rib","elementCodename":"url_slug","elementModel":{"codename":"url_slug","type":"url_slug","name":"URL Slug","options":[]}},{"value":[{"name":"prime-rib-primer-1-400x400.jpg","description":null,"type":"image/jpeg","size":51166,"url":"https://assets-us-01.kc-usercontent.com:443/f71ad6dd-59c3-002a-7dc9-5bbf5521f1a3/2b127842-1932-4d8d-830a-2c5aaf54cef5/prime-rib-primer-1-400x400.jpg","width":400,"height":400}],"elementCodename":"image","elementModel":{"codename":"image","type":"asset","name":"Image","options":[]}},{"value":20,"elementCodename":"price","elementModel":{"codename":"price","type":"number","name":"Price","options":[]}},{"value":"<p>Rib, rosemary, black pepper, red wine</p>","elementCodename":"description","elementModel":{"codename":"description","type":"rich_text","name":"Description","options":[]}},{"value":[],"elementCodename":"related_products","elementModel":{"codename":"related_products","type":"modular_content","name":"Related Products","options":[]}}]},{"itemCodename":"pumpkin_cookies","itemId":"c760a94e-7dfe-4109-8473-71a1fae0238e","languageCodename":"default","elements":[{"value":"Pumpkin Cookies","elementCodename":"title","elementModel":{"codename":"title","type":"text","name":"Title","options":[]}},{"value":null,"elementCodename":"date_added","elementModel":{"codename":"date_added","type":"date_time","name":"Date Added","options":[]}},{"value":["desserts"],"elementCodename":"categories","elementModel":{"codename":"categories","type":"modular_content","name":"Categories","options":[]}},{"value":"pumpkin-cookies","elementCodename":"url_slug","elementModel":{"codename":"url_slug","type":"url_slug","name":"URL Slug","options":[]}},{"value":[{"name":"pumpkin-cookies-1-400x400.jpg","description":null,"type":"image/jpeg","size":40276,"url":"https://assets-us-01.kc-usercontent.com:443/f71ad6dd-59c3-002a-7dc9-5bbf5521f1a3/0effe413-f8bf-4967-b215-98b8880713ec/pumpkin-cookies-1-400x400.jpg","width":640,"height":640}],"elementCodename":"image","elementModel":{"codename":"image","type":"asset","name":"Image","options":[]}},{"value":10,"elementCodename":"price","elementModel":{"codename":"price","type":"number","name":"Price","options":[]}},{"value":"<p>Pumpkin, sugar, butter, eggs</p>","elementCodename":"description","elementModel":{"codename":"description","type":"rich_text","name":"Description","options":[]}},{"value":[],"elementCodename":"related_products","elementModel":{"codename":"related_products","type":"modular_content","name":"Related Products","options":[]}}]},{"itemCodename":"sriracha_beef_skewers","itemId":"31fbd743-0f8d-4f88-8be9-9a801cdee56c","languageCodename":"default","elements":[{"value":"Sriracha Beef Skewers","elementCodename":"title","elementModel":{"codename":"title","type":"text","name":"Title","options":[]}},{"value":null,"elementCodename":"date_added","elementModel":{"codename":"date_added","type":"date_time","name":"Date Added","options":[]}},{"value":["main_courses"],"elementCodename":"categories","elementModel":{"codename":"categories","type":"modular_content","name":"Categories","options":[]}},{"value":"sriracha-beef-skewers","elementCodename":"url_slug","elementModel":{"codename":"url_slug","type":"url_slug","name":"URL Slug","options":[]}},{"value":[{"name":"sriracha-beef-skewers-1-400x400.jpg","description":null,"type":"image/jpeg","size":59646,"url":"https://assets-us-01.kc-usercontent.com:443/f71ad6dd-59c3-002a-7dc9-5bbf5521f1a3/3f246f91-bcc2-469f-a0a9-324338acce64/sriracha-beef-skewers-1-400x400.jpg","width":640,"height":640}],"elementCodename":"image","elementModel":{"codename":"image","type":"asset","name":"Image","options":[]}},{"value":12,"elementCodename":"price","elementModel":{"codename":"price","type":"number","name":"Price","options":[]}},{"value":"<p>Beef, garlic, sesame oil, vinegar</p>","elementCodename":"description","elementModel":{"codename":"description","type":"rich_text","name":"Description","options":[]}},{"value":[],"elementCodename":"related_products","elementModel":{"codename":"related_products","type":"modular_content","name":"Related Products","options":[]}}]},{"itemCodename":"summer_berry_and_coconut_tart","itemId":"3fce95dd-dda8-4cc4-9cc5-733a2571d3c3","languageCodename":"default","elements":[{"value":"Summer Berry and Coconut Tart","elementCodename":"title","elementModel":{"codename":"title","type":"text","name":"Title","options":[]}},{"value":null,"elementCodename":"date_added","elementModel":{"codename":"date_added","type":"date_time","name":"Date Added","options":[]}},{"value":["desserts"],"elementCodename":"categories","elementModel":{"codename":"categories","type":"modular_content","name":"Categories","options":[]}},{"value":"summer-berry-and-coconut-tart","elementCodename":"url_slug","elementModel":{"codename":"url_slug","type":"url_slug","name":"URL Slug","options":[]}},{"value":[{"name":"summer-berry-3-400x400.jpg","description":null,"type":"image/jpeg","size":59222,"url":"https://assets-us-01.kc-usercontent.com:443/f71ad6dd-59c3-002a-7dc9-5bbf5521f1a3/6575416b-d8b3-4602-837b-a3517a96c323/summer-berry-3-400x400.jpg","width":400,"height":400}],"elementCodename":"image","elementModel":{"codename":"image","type":"asset","name":"Image","options":[]}},{"value":12,"elementCodename":"price","elementModel":{"codename":"price","type":"number","name":"Price","options":[]}},{"value":"<p>Raspberries, blackberries, blueberries, graham cracker crumbs</p>","elementCodename":"description","elementModel":{"codename":"description","type":"rich_text","name":"Description","options":[]}},{"value":[],"elementCodename":"related_products","elementModel":{"codename":"related_products","type":"modular_content","name":"Related Products","options":[]}}]},{"itemCodename":"terrific_turkey_chilli","itemId":"a5f633bc-eb95-4ef4-a1cb-84a3392f3b36","languageCodename":"default","elements":[{"value":"Terrific Turkey Chilli","elementCodename":"title","elementModel":{"codename":"title","type":"text","name":"Title","options":[]}},{"value":"2019-11-10T00:00:00Z","elementCodename":"date_added","elementModel":{"codename":"date_added","type":"date_time","name":"Date Added","options":[]}},{"value":["soups"],"elementCodename":"categories","elementModel":{"codename":"categories","type":"modular_content","name":"Categories","options":[]}},{"value":"terrific-turkey-chilli","elementCodename":"url_slug","elementModel":{"codename":"url_slug","type":"url_slug","name":"URL Slug","options":[]}},{"value":[{"name":"terrific-turkey-chili-2-400x400.jpg","description":null,"type":"image/jpeg","size":46456,"url":"https://assets-us-01.kc-usercontent.com:443/f71ad6dd-59c3-002a-7dc9-5bbf5521f1a3/333bfe56-2535-45ec-b43c-7f93e2372bcc/terrific-turkey-chili-2-400x400.jpg","width":640,"height":640}],"elementCodename":"image","elementModel":{"codename":"image","type":"asset","name":"Image","options":[]}},{"value":8,"elementCodename":"price","elementModel":{"codename":"price","type":"number","name":"Price","options":[]}},{"value":"<p>Turkey, oregano, tomato paste, peppers</p>","elementCodename":"description","elementModel":{"codename":"description","type":"rich_text","name":"Description","options":[]}},{"value":[],"elementCodename":"related_products","elementModel":{"codename":"related_products","type":"modular_content","name":"Related Products","options":[]}}]},{"itemCodename":"tomato_bruschetta","itemId":"cf7deb12-5483-412f-a7a6-4efd41c248ff","languageCodename":"default","elements":[{"value":"Tomato Bruschetta","elementCodename":"title","elementModel":{"codename":"title","type":"text","name":"Title","options":[]}},{"value":"2019-10-04T00:00:00Z","elementCodename":"date_added","elementModel":{"codename":"date_added","type":"date_time","name":"Date Added","options":[]}},{"value":["starters"],"elementCodename":"categories","elementModel":{"codename":"categories","type":"modular_content","name":"Categories","options":[]}},{"value":"tomato-bruschetta","elementCodename":"url_slug","elementModel":{"codename":"url_slug","type":"url_slug","name":"URL Slug","options":[]}},{"value":[{"name":"double-tomato-bruschetta-2-400x400.jpg","description":null,"type":"image/jpeg","size":44093,"url":"https://assets-us-01.kc-usercontent.com:443/f71ad6dd-59c3-002a-7dc9-5bbf5521f1a3/e6815567-c946-4354-855c-159855d9aad0/double-tomato-bruschetta-2-400x400.jpg","width":640,"height":640}],"elementCodename":"image","elementModel":{"codename":"image","type":"asset","name":"Image","options":[]}},{"value":4,"elementCodename":"price","elementModel":{"codename":"price","type":"number","name":"Price","options":[]}},{"value":"<p>Tomatoes / Olive Oil / Cheese</p>","elementCodename":"description","elementModel":{"codename":"description","type":"rich_text","name":"Description","options":[]}},{"value":["avocado___mango_salsa"],"elementCodename":"related_products","elementModel":{"codename":"related_products","type":"modular_content","name":"Related Products","options":[]}}]}]